Brand,Motor,Weight g,KV,Prop,T,Data Batt S,V,A,Thrust g,Efficiency,W,RPM,Min Prop,Max Prop,Stator Diameter,Stator height,Data P size,Data P pitch,Prop area,Stator Vol,Stator Volume/Prop Area ratio
Uangel,A2807,56,1300,GF7035,40.00%,6,24.74,9.91,817,3.3,245,13409,5,7,28,7,7,3.5,38.48,4310.27,112
Uangel,A2807,56,1300,GF7035,50.00%,6,24.65,13.28,1012,3.1,327,14819,5,7,28,7,7,3.5,38.48,4310.27,112
Uangel,A2807,56,1300,GF7035,60.00%,6,24.54,16.89,1202,2.9,415,16149,5,7,28,7,7,3.5,38.48,4310.27,112
Uangel,A2807,56,1300,GF7035,70.00%,6,24.42,21.1,1410,2.7,515,17359,5,7,28,7,7,3.5,38.48,4310.27,112
Uangel,A2807,56,1300,GF7035,80.00%,6,24.25,27.09,1680,2.6,657,19035,5,7,28,7,7,3.5,38.48,4310.27,112
Uangel,A2807,56,1300,GF7035,90.00%,6,24.05,34.22,1942,2.4,823,20426,5,7,28,7,7,3.5,38.48,4310.27,112
Uangel,A2807,56,1300,GF7035,100.00%,6,23.94,37.91,2036,2.2,908,20874,5,7,28,7,7,3.5,38.48,4310.27,112
Uangel,A2807,56,1300,GF8040,40.00%,6,24.74,9.41,780,3.3,233,14081,5,7,28,7,8,4,50.27,4310.27,85.75
Uangel,A2807,56,1300,GF8040,50.00%,6,24.65,12.7,974,3.1,313,15467,5,7,28,7,8,4,50.27,4310.27,85.75
Uangel,A2807,56,1300,GF8040,60.00%,6,24.55,16.16,1141,2.9,397,16663,5,7,28,7,8,4,50.27,4310.27,85.75
Uangel,A2807,56,1300,GF8040,70.00%,6,24.44,20,1346,2.8,489,17818,5,7,28,7,8,4,50.27,4310.27,85.75
Uangel,A2807,56,1300,GF8040,80.00%,6,24.25,26.36,1626,2.5,639,19326,5,7,28,7,8,4,50.27,4310.27,85.75
Uangel,A2807,56,1300,GF8040,90.00%,6,24.04,33.79,1908,2.3,812,20673,5,7,28,7,8,4,50.27,4310.27,85.75
Uangel,A2807,56,1300,GF8040,100.00%,6,23.91,37.46,1996,2.2,896,21083,5,7,28,7,8,4,50.27,4310.27,85.75
Uangel,A2807,56,1300,GF7042X2,40.00%,6,24.71,10.03,793,3.2,248,12913,5,7,28,7,7,4.2,38.48,4310.27,112
Uangel,A2807,56,1300,GF7042X2,50.00%,6,24.62,13.42,965,2.9,330,14327,5,7,28,7,7,4.2,38.48,4310.27,112
Uangel,A2807,56,1300,GF7042X2,60.00%,6,24.51,17.33,1155,2.7,425,15577,5,7,28,7,7,4.2,38.48,4310.27,112
Uangel,A2807,56,1300,GF7042X2,70.00%,6,24.44,22.12,1347,2.5,539,16867,5,7,28,7,7,4.2,38.48,4310.27,112
Uangel,A2807,56,1300,GF7042X2,80.00%,6,24.18,28.87,1636,2.3,698,18311,5,7,28,7,7,4.2,38.48,4310.27,112
Uangel,A2807,56,1300,GF7042X2,90.00%,6,23.96,36.35,1948,2.2,879,19269,5,7,28,7,7,4.2,38.48,4310.27,112
Uangel,A2807,56,1300,GF7042X2,100.00%,6,23.86,40.03,1836,1.9,955,19797,5,7,28,7,7,4.2,38.48,4310.27,112
Axisflying,AX2812,76,900,GF8040,10.00%,6,24.01,0.2,23,4.27,5,1954,7,10,28,12,8,4,50.27,7389.03,147
Axisflying,AX2812,76,900,GF8040,20.00%,6,24,0.8,110,6.07,18,3973,7,10,28,12,8,4,50.27,7389.03,147
Axisflying,AX2812,76,900,GF8040,30.00%,6,23.99,1.7,252,6.17,41,5757,7,10,28,12,8,4,50.27,7389.03,147
Axisflying,AX2812,76,900,GF8040,40.00%,6,23.98,3.13,438,5.84,75,7336,7,10,28,12,8,4,50.27,7389.03,147
Axisflying,AX2812,76,900,GF8040,50.00%,6,23.96,6.18,735,4.96,148,9260,7,10,28,12,8,4,50.27,7389.03,147
Axisflying,AX2812,76,900,GF8040,60.00%,6,23.94,10.01,1054,4.4,240,11004,7,10,28,12,8,4,50.27,7389.03,147
Axisflying,AX2812,76,900,GF8040,70.00%,6,23.91,14.51,1382,3.98,347,12492,7,10,28,12,8,4,50.27,7389.03,147
Axisflying,AX2812,76,900,GF8040,80.00%,6,23.86,20.68,1755,3.56,493,13993,7,10,28,12,8,4,50.27,7389.03,147
Axisflying,AX2812,76,900,GF8040,90.00%,6,23.82,27.48,2128,3.25,655,15208,7,10,28,12,8,4,50.27,7389.03,147
Axisflying,AX2812,76,900,GF8040,100.00%,6,23.77,35.09,2485,2.98,834,16318,7,10,28,12,8,4,50.27,7389.03,147
Axisflying,AX2812,76,900,HQ9045,10.00%,6,24.01,0.2,27,4.9,6,1926,7,10,28,12,9,4.5,63.62,7389.03,116.15
Axisflying,AX2812,76,900,HQ9045,20.00%,6,24.01,0.8,132,6.51,20,3882,7,10,28,12,9,4.5,63.62,7389.03,116.15
Axisflying,AX2812,76,900,HQ9045,30.00%,6,23.99,1.94,308,6.62,47,5572,7,10,28,12,9,4.5,63.62,7389.03,116.15
Axisflying,AX2812,76,900,HQ9045,40.00%,6,23.97,3.66,529,6.03,88,7109,7,10,28,12,9,4.5,63.62,7389.03,116.15
Axisflying,AX2812,76,900,HQ9045,50.00%,6,23.95,7.47,892,4.98,179,8994,7,10,28,12,9,4.5,63.62,7389.03,116.15
Axisflying,AX2812,76,900,HQ9045,60.00%,6,23.92,12.2,1275,4.37,292,10649,7,10,28,12,9,4.5,63.62,7389.03,116.15
Axisflying,AX2812,76,900,HQ9045,70.00%,6,23.89,17.54,1627,3.88,419,11993,7,10,28,12,9,4.5,63.62,7389.03,116.15
Axisflying,AX2812,76,900,HQ9045,80.00%,6,23.84,24.52,2032,3.48,585,13294,7,10,28,12,9,4.5,63.62,7389.03,116.15
Axisflying,AX2812,76,900,HQ9045,90.00%,6,23.79,31.76,2390,3.16,756,14346,7,10,28,12,9,4.5,63.62,7389.03,116.15
Axisflying,AX2812,76,900,HQ9045,100.00%,6,23.73,39.95,2710,2.86,948,15245,7,10,28,12,9,4.5,63.62,7389.03,116.15
Axisflying,AX3115,117,900,HQ9050,30.00%,6,25,3.17,569,7.2,79,5847,9,12,31,15,9,5,63.62,11321.51,177.96
Axisflying,AX3115,117,900,HQ9050,35.00%,6,25,4.4,702,6.4,110,6521,9,12,31,15,9,5,63.62,11321.51,177.96
Axisflying,AX3115,117,900,HQ9050,40.00%,6,25,6,858,5.7,150,7195,9,12,31,15,9,5,63.62,11321.51,177.96
Axisflying,AX3115,117,900,HQ9050,45.00%,6,25,8.22,1046,5.1,206,7859,9,12,31,15,9,5,63.62,11321.51,177.96
Axisflying,AX3115,117,900,HQ9050,50.00%,6,25,10.78,1292,4.8,270,8533,9,12,31,15,9,5,63.62,11321.51,177.96
Axisflying,AX3115,117,900,HQ9050,55.00%,6,25,14.18,1580,4.5,355,9209,9,12,31,15,9,5,63.62,11321.51,177.96
Axisflying,AX3115,117,900,HQ9050,60.00%,6,25,17.01,1781,4.2,425,9883,9,12,31,15,9,5,63.62,11321.51,177.96
Axisflying,AX3115,117,900,HQ9050,65.00%,6,25,21.25,2004,3.8,531,10557,9,12,31,15,9,5,63.62,11321.51,177.96
Axisflying,AX3115,117,900,HQ9050,70.00%,6,25,26.1,2279,3.5,653,11231,9,12,31,15,9,5,63.62,11321.51,177.96
Axisflying,AX3115,117,900,HQ9050,75.00%,6,25,30.43,2558,3.4,761,11905,9,12,31,15,9,5,63.62,11321.51,177.96
Axisflying,AX3115,117,900,HQ9050,80.00%,6,25,37.35,2831,3,934,12579,9,12,31,15,9,5,63.62,11321.51,177.96
Axisflying,AX3115,117,900,HQ9050,85.00%,6,25,41.55,3022,2.9,1039,13253,9,12,31,15,9,5,63.62,11321.51,177.96
Axisflying,AX3115,117,900,HQ9050,90.00%,6,25,47.12,3318,2.8,1178,13924,9,12,31,15,9,5,63.62,11321.51,177.96
Axisflying,AX3115,117,900,HQ9050,95.00%,6,25,53.17,3545,2.7,1329,14598,9,12,31,15,9,5,63.62,11321.51,177.96
Axisflying,AX3115,117,900,HQ9050,100.00%,6,25,58.4,3753,2.6,1460,15272,9,12,31,15,9,5,63.62,11321.51,177.96
Flashobby,A2807,56,1300,GF7035,40.00%,6,24.74,9.91,817,3.3,245.2,13409,5,7,28,7,7,3.5,38.48,4310.27,112
Flashobby,A2807,56,1300,GF7035,50.00%,6,24.65,13.28,1012,3.1,327.4,14819,5,7,28,7,7,3.5,38.48,4310.27,112
Flashobby,A2807,56,1300,GF7035,60.00%,6,24.54,16.89,1202,2.9,414.5,16149,5,7,28,7,7,3.5,38.48,4310.27,112
Flashobby,A2807,56,1300,GF7035,70.00%,6,24.42,21.1,1410,2.7,515.3,17359,5,7,28,7,7,3.5,38.48,4310.27,112
Flashobby,A2807,56,1300,GF7035,80.00%,6,24.25,27.09,1680,2.6,656.9,19053,5,7,28,7,7,3.5,38.48,4310.27,112
Flashobby,A2807,56,1300,GF7035,90.00%,6,24.05,34.22,1942,2.4,823,20426,5,7,28,7,7,3.5,38.48,4310.27,112
Flashobby,A2807,56,1300,GF7035,100.00%,6,23.94,37.91,2036,2.2,907.6,20874,5,7,28,7,7,3.5,38.48,4310.27,112
Flashobby,A2807,56,1300,GF7040,40.00%,6,24.74,9.41,780,3.3,232.8,14081,5,7,28,7,7,4,38.48,4310.27,112
Flashobby,A2807,56,1300,GF7040,50.00%,6,24.65,12.7,974,3.1,313.1,15467,5,7,28,7,7,4,38.48,4310.27,112
Flashobby,A2807,56,1300,GF7040,60.00%,6,24.55,16.16,1141,2.9,396.7,16663,5,7,28,7,7,4,38.48,4310.27,112
Flashobby,A2807,56,1300,GF7040,70.00%,6,24.44,20,1346,2.8,488.8,17818,5,7,28,7,7,4,38.48,4310.27,112
Flashobby,A2807,56,1300,GF7040,80.00%,6,24.25,26.36,1626,2.5,639.2,19326,5,7,28,7,7,4,38.48,4310.27,112
Flashobby,A2807,56,1300,GF7040,90.00%,6,24.04,33.79,1908,2.3,812.3,20673,5,7,28,7,7,4,38.48,4310.27,112
Flashobby,A2807,56,1300,GF7040,100.00%,6,23.91,37.46,1996,2.2,895.7,21083,5,7,28,7,7,4,38.48,4310.27,112
Flashobby,A2807,56,1300,GF7042,40.00%,6,24.71,10.03,793,3.2,247.8,12913,5,7,28,7,7,4.2,38.48,4310.27,112
Flashobby,A2807,56,1300,GF7042,50.00%,6,24.62,13.42,965,2.9,330.4,14327,5,7,28,7,7,4.2,38.48,4310.27,112
Flashobby,A2807,56,1300,GF7042,60.00%,6,24.51,17.33,1155,2.7,424.8,15577,5,7,28,7,7,4.2,38.48,4310.27,112
Flashobby,A2807,56,1300,GF7042,70.00%,6,24.37,22.12,1347,2.5,539.1,16867,5,7,28,7,7,4.2,38.48,4310.27,112
Flashobby,A2807,56,1300,GF7042,80.00%,6,24.18,28.87,1636,2.3,698.1,18311,5,7,28,7,7,4.2,38.48,4310.27,112
Flashobby,A2807,56,1300,GF7042,90.00%,6,23.96,36.35,1809,2.1,870.9,19495,5,7,28,7,7,4.2,38.48,4310.27,112
Flashobby,A2807,56,1300,GF7042,100.00%,6,23.86,40.03,1836,1.9,955.1,19797,5,7,28,7,7,4.2,38.48,4310.27,112
Flashobby,A2807,56,1500,GF7035,40.00%,6,24.66,12.01,914,3.1,296.2,14100,5,7,28,7,7,3.5,38.48,4310.27,112
Flashobby,A2807,56,1500,GF7035,50.00%,6,24.54,16.24,1147,2.9,398.5,15699,5,7,28,7,7,3.5,38.48,4310.27,112
Flashobby,A2807,56,1500,GF7035,60.00%,6,24.42,20.55,1346,2.7,501.8,16989,5,7,28,7,7,3.5,38.48,4310.27,112
Flashobby,A2807,56,1500,GF7035,70.00%,6,24.26,26.14,1585,2.5,634.2,18352,5,7,28,7,7,3.5,38.48,4310.27,112
Flashobby,A2807,56,1500,GF7035,80.00%,6,24.04,33.57,1886,2.3,807,19924,5,7,28,7,7,3.5,38.48,4310.27,112
Flashobby,A2807,56,1500,GF7035,90.00%,6,23.82,41.48,2140,2.2,988.1,21280,5,7,28,7,7,3.5,38.48,4310.27,112
Flashobby,A2807,56,1500,GF7035,100.00%,6,23.69,45.79,2239,2.1,1084.8,21752,5,7,28,7,7,3.5,38.48,4310.27,112
Flashobby,A2807,56,1500,GF7040,40.00%,6,24.67,11.7,878,3,288.6,14765,5,7,28,7,7,4,38.48,4310.27,112
Flashobby,A2807,56,1500,GF7040,50.00%,6,24.55,15.93,1090,2.8,391.1,16272,5,7,28,7,7,4,38.48,4310.27,112
Flashobby,A2807,56,1500,GF7040,60.00%,6,24.44,19.93,1287,2.6,487.1,17394,5,7,28,7,7,4,38.48,4310.27,112
Flashobby,A2807,56,1500,GF7040,70.00%,6,24.29,25.41,1533,2.5,617.2,18781,5,7,28,7,7,4,38.48,4310.27,112
Flashobby,A2807,56,1500,GF7040,80.00%,6,24.08,32.72,1840,2.3,787.9,20159,5,7,28,7,7,4,38.48,4310.27,112
Flashobby,A2807,56,1500,GF7040,90.00%,6,23.82,41.43,2098,2.1,986.9,21469,5,7,28,7,7,4,38.48,4310.27,112
Flashobby,A2807,56,1500,GF7040,100.00%,6,23.68,46.4,2199,2,1098.8,22084,5,7,28,7,7,4,38.48,4310.27,112
Flashobby,A2807,56,1500,GF7042,40.00%,6,24.64,12.34,908,3,304.1,13729,5,7,28,7,7,4.2,38.48,4310.27,112
Flashobby,A2807,56,1500,GF7042,50.00%,6,24.52,16.91,1126,2.7,414.6,15220,5,7,28,7,7,4.2,38.48,4310.27,112
Flashobby,A2807,56,1500,GF7042,60.00%,6,24.38,21.61,1318,2.5,526.9,16366,5,7,28,7,7,4.2,38.48,4310.27,112
Flashobby,A2807,56,1500,GF7042,70.00%,6,24.21,27.65,1555,2.3,669.4,17924,5,7,28,7,7,4.2,38.48,4310.27,112
Flashobby,A2807,56,1500,GF7042,80.00%,6,23.98,35.61,1792,2.1,853.9,19220,5,7,28,7,7,4.2,38.48,4310.27,112
Flashobby,A2807,56,1500,GF7042,90.00%,6,23.73,44.71,1891,1.8,1061,20099,5,7,28,7,7,4.2,38.48,4310.27,112
Flashobby,A2807,56,1500,GF7042,100.00%,6,23.59,49.34,1938,1.7,1163.9,20320,5,7,28,7,7,4.2,38.48,4310.27,112
Flashobby,A2807,56,1800,GF7035,40.00%,4,16.5,11.95,683,3.5,197.2,12275,5,7,28,7,7,3.5,38.48,4310.27,112
Flashobby,A2807,56,1800,GF7035,50.00%,4,16.4,15.52,835,3.3,254.5,13516,5,7,28,7,7,3.5,38.48,4310.27,112
Flashobby,A2807,56,1800,GF7035,60.00%,4,16.28,19.34,980,3.1,314.9,14634,5,7,28,7,7,3.5,38.48,4310.27,112
Flashobby,A2807,56,1800,GF7035,70.00%,4,16.18,23.46,1128,3,379.6,15699,5,7,28,7,7,3.5,38.48,4310.27,112
Flashobby,A2807,56,1800,GF7035,80.00%,4,16,29.62,1337,2.8,473.9,17087,5,7,28,7,7,3.5,38.48,4310.27,112
Flashobby,A2807,56,1800,GF7035,90.00%,4,15.78,37.36,1555,2.6,589.5,18412,5,7,28,7,7,3.5,38.48,4310.27,112
Flashobby,A2807,56,1800,GF7035,100.00%,4,15.65,41.62,1658,2.5,651.4,18853,5,7,28,7,7,3.5,38.48,4310.27,112
Flashobby,A2807,56,1800,GF7040,40.00%,4,16.52,11.31,646,3.5,186.8,12940,5,7,28,7,7,4,38.48,4310.27,112
Flashobby,A2807,56,1800,GF7040,50.00%,4,16.42,14.83,793,3.3,243.5,14185,5,7,28,7,7,4,38.48,4310.27,112
Flashobby,A2807,56,1800,GF7040,60.00%,4,16.31,18.46,931,3.1,301.1,15214,5,7,28,7,7,4,38.48,4310.27,112
Flashobby,A2807,56,1800,GF7040,70.00%,4,16.21,22.34,1072,3,362.1,16199,5,7,28,7,7,4,38.48,4310.27,112
Flashobby,A2807,56,1800,GF7040,80.00%,4,16.03,28.43,1280,2.8,455.7,17481,5,7,28,7,7,4,38.48,4310.27,112
Flashobby,A2807,56,1800,GF7040,90.00%,4,15.81,36.37,1519,2.6,575,18745,5,7,28,7,7,4,38.48,4310.27,112
Flashobby,A2807,56,1800,GF7040,100.00%,4,15.68,40.57,1614,2.5,636.1,19206,5,7,28,7,7,4,38.48,4310.27,112
Flashobby,A2807,56,1800,GF7042,40.00%,4,16.49,12.29,665,3.3,202.7,11904,5,7,28,7,7,4.2,38.48,4310.27,112
Flashobby,A2807,56,1800,GF7042,50.00%,4,16.39,15.94,804,3.1,261.3,13097,5,7,28,7,7,4.2,38.48,4310.27,112
Flashobby,A2807,56,1800,GF7042,60.00%,4,16.28,19.8,939,2.9,322.3,14146,5,7,28,7,7,4.2,38.48,4310.27,112
Flashobby,A2807,56,1800,GF7042,70.00%,4,16.15,24.37,1091,2.8,393.6,15178,5,7,28,7,7,4.2,38.48,4310.27,112
Flashobby,A2807,56,1800,GF7042,80.00%,4,15.95,31.39,1307,2.6,500.7,16558,5,7,28,7,7,4.2,38.48,4310.27,112
Flashobby,A2807,56,1800,GF7042,90.00%,4,15.7,39.72,1516,2.4,623.6,17697,5,7,28,7,7,4.2,38.48,4310.27,112
Flashobby,A2807,56,1800,GF7042,100.00%,4,15.59,43.78,1590,2.3,682.5,18236,5,7,28,7,7,4.2,38.48,4310.27,112
Flashobby,A2810,67.6,1100,FH8045,50.00%,6,25.12,11.91,1177,3.93,299.3,10778,7,9,28,10,8,4.5,50.27,6157.52,122.5
Flashobby,A2810,67.6,1100,FH8045,60.00%,6,25.06,18.81,1569,3.33,471.2,12421,7,9,28,10,8,4.5,50.27,6157.52,122.5
Flashobby,A2810,67.6,1100,FH8045,70.00%,6,24.98,27.08,1964,2.9,676.4,13861,7,9,28,10,8,4.5,50.27,6157.52,122.5
Flashobby,A2810,67.6,1100,FH8045,80.00%,6,24.9,36.17,2298,2.55,900.5,14927,7,9,28,10,8,4.5,50.27,6157.52,122.5
Flashobby,A2810,67.6,1100,FH8045,90.00%,6,24.81,45.65,2592,2.29,1132.5,15689,7,9,28,10,8,4.5,50.27,6157.52,122.5
Flashobby,A2810,67.6,1100,FH8045,100.00%,6,24.71,55.7,2774,2.02,1376.3,16280,7,9,28,10,8,4.5,50.27,6157.52,122.5
Flashobby,A2810,67.6,1100,GF8040,50.00%,6,25.14,10.15,1071,4.2,255.3,11279,7,9,28,10,8,4,50.27,6157.52,122.5
Flashobby,A2810,67.6,1100,GF8040,60.00%,6,25.08,16.16,1465,3.61,405.3,13127,7,9,28,10,8,4,50.27,6157.52,122.5
Flashobby,A2810,67.6,1100,GF8040,70.00%,6,25.01,23.44,1861,3.17,586.2,14708,7,9,28,10,8,4,50.27,6157.52,122.5
Flashobby,A2810,67.6,1100,GF8040,80.00%,6,24.94,31.62,2231,2.83,738.7,16022,7,9,28,10,8,4,50.27,6157.52,122.5
Flashobby,A2810,67.6,1100,GF8040,90.00%,6,24.85,41.29,2584,2.52,1025.9,17083,7,9,28,10,8,4,50.27,6157.52,122.5
Flashobby,A2810,67.6,1100,GF8040,100.00%,6,24.76,51.2,2801,2.28,1267.7,17995,7,9,28,10,8,4,50.27,6157.52,122.5
Flashobby,A2810,67.6,1100,HQ8040,50.00%,6,25.15,9.37,979,4.15,235.7,11508,7,9,28,10,8,4,50.27,6157.52,122.5
Flashobby,A2810,67.6,1100,HQ8040,60.00%,6,25.1,14.85,1362,3.65,372.7,13450,7,9,28,10,8,4,50.27,6157.52,122.5
Flashobby,A2810,67.6,1100,HQ8040,70.00%,6,25.03,21.61,1760,3.25,541,15104,7,9,28,10,8,4,50.27,6157.52,122.5
Flashobby,A2810,67.6,1100,HQ8040,80.00%,6,24.96,29.75,2130,2.87,742.5,16550,7,9,28,10,8,4,50.27,6157.52,122.5
Flashobby,A2810,67.6,1100,HQ8040,90.00%,6,24.87,38.82,2503,2.59,965.4,17815,7,9,28,10,8,4,50.27,6157.52,122.5
Flashobby,A2810,67.6,1100,HQ8040,100.00%,6,24.78,48.88,2822,2.33,1211.2,18834,7,9,28,10,8,4,50.27,6157.52,122.5
Flashobby,A2810,67.6,1100,GF9045,50.00%,6,25.1,14.14,1385,3.9,355,10250,7,9,28,10,9,4.5,63.62,6157.52,96.79
Flashobby,A2810,67.6,1100,GF9045,60.00%,6,25.03,22.24,1775,3.19,556.7,11559,7,9,28,10,9,4.5,63.62,6157.52,96.79
Flashobby,A2810,67.6,1100,GF9045,70.00%,6,24.95,30.25,2191,2.9,754.8,12839,7,9,28,10,9,4.5,63.62,6157.52,96.79
Flashobby,A2810,67.6,1100,GF9045,80.00%,6,24.87,39.67,2505,2.54,986.5,13677,7,9,28,10,9,4.5,63.62,6157.52,96.79
Flashobby,A2810,67.6,1100,GF9045,90.00%,6,24.78,48.77,2732,2.26,1208.4,14216,7,9,28,10,9,4.5,63.62,6157.52,96.79
Flashobby,A2810,67.6,1100,GF9045,100.00%,6,24.7,57.23,2845,2.01,1413.2,14576,7,9,28,10,9,4.5,63.62,6157.52,96.79
Flashobby,A2812,76,900,FH8045,50.00%,6,25.17,6.26,762,4.83,157.6,8940,7,10,28,12,8,4.5,50.27,7389.03,147
Flashobby,A2812,76,900,FH8045,60.00%,6,25.13,10.24,1093,4.25,257.3,10372,7,10,28,12,8,4.5,50.27,7389.03,147
Flashobby,A2812,76,900,FH8045,70.00%,6,25.09,15.19,1416,3.72,381.1,11810,7,10,28,12,8,4.5,50.27,7389.03,147
Flashobby,A2812,76,900,FH8045,80.00%,6,25.03,21.18,1759,3.32,530.2,13065,7,10,28,12,8,4.5,50.27,7389.03,147
Flashobby,A2812,76,900,FH8045,90.00%,6,24.97,27.9,2085,2.99,696.7,14116,7,10,28,12,8,4.5,50.27,7389.03,147
Flashobby,A2812,76,900,FH8045,100.00%,6,24.9,35.05,2378,2.72,872.7,15057,7,10,28,12,8,4.5,50.27,7389.03,147
Flashobby,A2812,76,900,GF8040,50.00%,6,25.18,5.27,675,5.09,132.6,9219,7,10,28,12,8,4,50.27,7389.03,147
Flashobby,A2812,76,900,GF8040,60.00%,6,25.15,8.35,968,4.61,210,10802,7,10,28,12,8,4,50.27,7389.03,147
Flashobby,A2812,76,900,GF8040,70.00%,6,25.11,12.82,1309,4.07,322,12342,7,10,28,12,8,4,50.27,7389.03,147
Flashobby,A2812,76,900,GF8040,80.00%,6,25.06,17.85,1623,3.63,447.3,13765,7,10,28,12,8,4,50.27,7389.03,147
Flashobby,A2812,76,900,GF8040,90.00%,6,25.01,23.61,1955,3.31,590.4,15006,7,10,28,12,8,4,50.27,7389.03,147
Flashobby,A2812,76,900,GF8040,100.00%,6,24.95,30.24,2282,3.03,754.3,16144,7,10,28,12,8,4,50.27,7389.03,147
Flashobby,A2812,76,900,HQ8040,50.00%,6,25.18,4.88,617,5.02,123,9319,7,10,28,12,8,4,50.27,7389.03,147
Flashobby,A2812,76,900,HQ8040,60.00%,6,25.15,7.76,872,4.47,195.1,10968,7,10,28,12,8,4,50.27,7389.03,147
Flashobby,A2812,76,900,HQ8040,70.00%,6,25.12,11.78,1189,4.02,295.9,12587,7,10,28,12,8,4,50.27,7389.03,147
Flashobby,A2812,76,900,HQ8040,80.00%,6,25.07,16.31,1510,3.69,409,14043,7,10,28,12,8,4,50.27,7389.03,147
Flashobby,A2812,76,900,HQ8040,90.00%,6,25.03,21.63,1805,3.33,541.3,15361,7,10,28,12,8,4,50.27,7389.03,147
Flashobby,A2812,76,900,HQ8040,100.00%,6,24.97,27.85,2132,3.07,695.3,16582,7,10,28,12,8,4,50.27,7389.03,147
Flashobby,A2812,76,900,GF9045,50.00%,6,25.19,7.78,949,4.84,195.9,8596,7,10,28,12,9,4.5,63.62,7389.03,116.15
Flashobby,A2812,76,900,GF9045,60.00%,6,25.15,12.02,1299,4.3,302.4,9997,7,10,28,12,9,4.5,63.62,7389.03,116.15
Flashobby,A2812,76,900,GF9045,70.00%,6,25.1,17.57,1683,3.82,440.9,11253,7,10,28,12,9,4.5,63.62,7389.03,116.15
Flashobby,A2812,76,900,GF9045,80.00%,6,25.04,24.41,2048,3.35,611.2,12406,7,10,28,12,9,4.5,63.62,7389.03,116.15
Flashobby,A2812,76,900,GF9045,90.00%,6,24.98,31.35,2348,3,783.1,13330,7,10,28,12,9,4.5,63.62,7389.03,116.15
Flashobby,A2812,76,900,GF9045,100.00%,6,24.92,38.81,2640,2.73,967,14031,7,10,28,12,9,4.5,63.62,7389.03,116.15
Flashobby,A2812,76,900,HQ9050,50.00%,6,25.16,8.81,1046,4.72,221.6,8314,7,10,28,12,9,5,63.62,7389.03,116.15
Flashobby,A2812,76,900,HQ9050,60.00%,6,25.11,13.84,1419,4.08,347.5,9578,7,10,28,12,9,5,63.62,7389.03,116.15
Flashobby,A2812,76,900,HQ9050,70.00%,6,25.06,19.91,1773,3.55,498.9,10708,7,10,28,12,9,5,63.62,7389.03,116.15
Flashobby,A2812,76,900,HQ9050,80.00%,6,24.98,27.37,2144,3.14,683.7,11601,7,10,28,12,9,5,63.62,7389.03,116.15
Flashobby,A2812,76,900,HQ9050,90.00%,6,24.93,34.36,2377,2.77,856.8,12313,7,10,28,12,9,5,63.62,7389.03,116.15
Flashobby,A2812,76,900,HQ9050,100.00%,6,24.86,42.13,2619,2.5,1047.3,12837,7,10,28,12,9,5,63.62,7389.03,116.15
Flashobby,A3110,87,900,GF9045,50%,6,25.15,8.79,1044,4.72,221,9042,9,11,31,10,9,4.5,199.85948912206,23711.7245736172,118.64
Flashobby,A3110,87,900,GF9045,60%,6,25.1,14.02,1441,4.09,352,10508,9,11,31,10,9,4.5,199.85948912206,23711.7245736172,118.64
Flashobby,A3110,87,900,GF9045,70%,6,25.04,20.88,1863,3.56,522.8,11827,9,11,31,10,9,4.5,199.85948912206,23711.7245736172,118.64
Flashobby,A3110,87,900,GF9045,80%,6,24.97,28.72,2270,3.17,717.2,13034,9,11,31,10,9,4.5,199.85948912206,23711.7245736172,118.64
Flashobby,A3110,87,900,GF9045,90%,6,24.88,37.54,2635,2.82,934,13978,9,11,31,10,9,4.5,199.85948912206,23711.7245736172,118.64
Flashobby,A3110,87,900,GF9045,100%,6,24.79,46.92,2943,2.53,1163.1,14747,9,11,31,10,9,4.5,199.85948912206,23711.7245736172,118.64
Flashobby,A3110,87,900,HQ9050,50%,6,25.14,10.15,1162,4.55,255.2,8743,9,11,31,10,9,5,199.85948912206,23711.7245736172,118.64
Flashobby,A3110,87,900,HQ9050,60%,6,25.09,15.96,1579,3.94,400.3,10094,9,11,31,10,9,5,199.85948912206,23711.7245736172,118.64
Flashobby,A3110,87,900,HQ9050,70%,6,25.02,25.5,1992,3.39,587.7,11219,9,11,31,10,9,5,199.85948912206,23711.7245736172,118.64
Flashobby,A3110,87,900,HQ9050,80%,6,24.93,32.67,2394,2.94,814.4,12257,9,11,31,10,9,5,199.85948912206,23711.7245736172,118.64
Flashobby,A3110,87,900,HQ9050,90%,6,24.84,41.98,2709,2.6,1042.7,13005,9,11,31,10,9,5,199.85948912206,23711.7245736172,118.64
Flashobby,A3110,87,900,HQ9050,100%,6,24.75,51.55,2971,2.33,1275.9,13550,9,11,31,10,9,5,199.85948912206,23711.7245736172,118.64
Flashobby,A3112,103,900,HQ9050,50%,6,25,10.7,1347,5.04,267.5,9057,9,11,31,12,9,5,199.85948912206,28454.0694883406,142.37
Flashobby,A3112,103,900,HQ9050,60%,6,25,17.8,1936,4.35,445,10550,9,11,31,12,9,5,199.85948912206,28454.0694883406,142.37
Flashobby,A3112,103,900,HQ9050,70%,6,25,26.5,2409,3.64,662.5,11959,9,11,31,12,9,5,199.85948912206,28454.0694883406,142.37
Flashobby,A3112,103,900,HQ9050,80%,6,25,37.8,3023,3.2,945,13286,9,11,31,12,9,5,199.85948912206,28454.0694883406,142.37
Flashobby,A3112,103,900,HQ9050,90%,6,25,51.1,3675,2.88,1277.5,14637,9,11,31,12,9,5,199.85948912206,28454.0694883406,142.37
Flashobby,A3112,103,900,HQ9050,100%,6,25,61.2,4050,2.65,1530,15469,9,11,31,12,9,5,199.85948912206,28454.0694883406,142.37
Flashobby,A3115,117,900,FH1050,50%,6,25.12,11.93,1410,4.71,299.6,9027,9,12,31,15,10,5,246.740110027234,35567.5868604258,144.15
Flashobby,A3115,117,900,FH1050,60%,6,25.06,19.03,1962,4.11,476.9,10479,9,12,31,15,10,5,246.740110027234,35567.5868604258,144.15
Flashobby,A3115,117,900,FH1050,70%,6,24.97,28.37,2549,3.6,708.2,11803,9,12,31,15,10,5,246.740110027234,35567.5868604258,144.15
Flashobby,A3115,117,900,FH1050,80%,6,24.86,39.52,3108,3.16,982.6,13011,9,12,31,15,10,5,246.740110027234,35567.5868604258,144.15
Flashobby,A3115,117,900,FH1050,90%,6,24.75,51.76,3628,2.83,1280.9,13956,9,12,31,15,10,5,246.740110027234,35567.5868604258,144.15
Flashobby,A3115,117,900,FH1050,100%,6,24.62,65.26,4074,2.54,1606.6,14691,9,12,31,15,10,5,246.740110027234,35567.5868604258,144.15
Flashobby,A3115,117,900,GF1050,50%,6,25.12,12.58,1503,4.76,316.1,8941,9,12,31,15,10,5,246.740110027234,35567.5868604258,144.15
Flashobby,A3115,117,900,GF1050,60%,6,25.05,19.88,2052,4.12,497.9,10378,9,12,31,15,10,5,246.740110027234,35567.5868604258,144.15
Flashobby,A3115,117,900,GF1050,70%,6,24.96,29.69,2634,3.55,741.1,11647,9,12,31,15,10,5,246.740110027234,35567.5868604258,144.15
Flashobby,A3115,117,900,GF1050,80%,6,24.85,41.05,3234,3.17,1020,12895,9,12,31,15,10,5,246.740110027234,35567.5868604258,144.15
Flashobby,A3115,117,900,GF1050,90%,6,24.74,53.47,3760,2.84,1322.6,13713,9,12,31,15,10,5,246.740110027234,35567.5868604258,144.15
Flashobby,A3115,117,900,GF1050,100%,6,24.6,66.94,4205,2.55,1646.9,14391,9,12,31,15,10,5,246.740110027234,35567.5868604258,144.15
Flashobby,A3115,117,900,HQ1050,50%,6,25.1,14.29,1588,4.43,358.6,8678,9,12,31,15,10,5,246.740110027234,35567.5868604258,144.15
Flashobby,A3115,117,900,HQ1050,60%,6,25.02,22.44,2146,3.82,561.3,10006,9,12,31,15,10,5,246.740110027234,35567.5868604258,144.15
Flashobby,A3115,117,900,HQ1050,70%,6,24.98,32.94,2782,3.39,836.1,11162,9,12,31,15,10,5,246.740110027234,35567.5868604258,144.15
Flashobby,A3115,117,900,HQ1050,80%,6,24.81,45.52,3295,2.92,1129,12134,9,12,31,15,10,5,246.740110027234,35567.5868604258,144.15
Flashobby,A3115,117,900,HQ1050,90%,6,24.69,58.54,3736,2.59,1445.2,12825,9,12,31,15,10,5,246.740110027234,35567.5868604258,144.15
Flashobby,A3115,117,900,HQ1050,100%,6,24.55,72.04,4079,2.31,1768.9,13363,9,12,31,15,10,5,246.740110027234,35567.5868604258,144.15
Flashobby,A3215,126,450,HQ1312,50%,6,25,8.9,965,4.34,222.5,3639,10,13,32,15,13,12,416.990785946025,37899.2809001831,90.89
Flashobby,A3215,126,450,HQ1312,60%,6,25,13.4,1235,3.69,335,4152,10,13,32,15,13,12,416.990785946025,37899.2809001831,90.89
Flashobby,A3215,126,450,HQ1312,70%,6,25,19.1,1512,3.17,477.5,4547,10,13,32,15,13,12,416.990785946025,37899.2809001831,90.89
Flashobby,A3215,126,450,HQ1312,80%,6,25,26.1,2002,2.76,652.5,4954,10,13,32,15,13,12,416.990785946025,37899.2809001831,90.89
Flashobby,A3215,126,450,HQ1312,90%,6,25,34.2,2062,2.41,855,5337,10,13,32,15,13,12,416.990785946025,37899.2809001831,90.89
Flashobby,A3215,126,450,HQ1312,100%,6,25,46,2560,2.23,1150,5881,10,13,32,15,13,12,416.990785946025,37899.2809001831,90.89
Flashobby,A3215,126,450,HQ1050,50%,6,25,2.5,509,8.14,62.5,5053,10,13,32,15,10,5,246.740110027234,37899.2809001831,153.6
Flashobby,A3215,126,450,HQ1050,60%,6,25,4.1,735,7.17,102.5,5988,10,13,32,15,10,5,246.740110027234,37899.2809001831,153.6
Flashobby,A3215,126,450,HQ1050,70%,6,25,6.1,973,6.38,152.5,6873,10,13,32,15,10,5,246.740110027234,37899.2809001831,153.6
Flashobby,A3215,126,450,HQ1050,80%,6,25,8.4,1242,5.91,210,7748,10,13,32,15,10,5,246.740110027234,37899.2809001831,153.6
Flashobby,A3215,126,450,HQ1050,90%,6,25,11.9,1543,5.19,297.5,8621,10,13,32,15,10,5,246.740110027234,37899.2809001831,153.6
Flashobby,A3215,126,450,HQ1050,100%,6,25,15.5,1855,4.79,387.5,9414,10,13,32,15,10,5,246.740110027234,37899.2809001831,153.6
Flashobby,A3215,126,450,HQ1309,50%,6,25,5.8,1041,7.18,145,4292,10,13,32,15,13,9,416.990785946025,37899.2809001831,90.89
Flashobby,A3215,126,450,HQ1309,60%,6,25,9.5,1425,6,237.5,4995,10,13,32,15,13,9,416.990785946025,37899.2809001831,90.89
Flashobby,A3215,126,450,HQ1309,70%,6,25,14,1815,5.19,350,5629,10,13,32,15,13,9,416.990785946025,37899.2809001831,90.89
Flashobby,A3215,126,450,HQ1309,80%,6,25,19.3,2234,4.63,482.5,6214,10,13,32,15,13,9,416.990785946025,37899.2809001831,90.89
Flashobby,A3215,126,450,HQ1309,90%,6,25,26.2,2657,4.06,655,6811,10,13,32,15,13,9,416.990785946025,37899.2809001831,90.89
Flashobby,A3215,126,450,HQ1309,100%,6,25,33.4,3224,3.86,835,7531,10,13,32,15,13,9,416.990785946025,37899.2809001831,90.89
Flashobby,A3215,126,450,GF1308,50%,6,25,4.8,900,7.5,120,4672,10,13,32,15,13,8,416.990785946025,37899.2809001831,90.89
Flashobby,A3215,126,450,GF1308,60%,6,25,7.2,1246,6.92,180,5496,10,13,32,15,13,8,416.990785946025,37899.2809001831,90.89
Flashobby,A3215,126,450,GF1308,70%,6,25,10.4,1629,6.27,260,6236,10,13,32,15,13,8,416.990785946025,37899.2809001831,90.89
Flashobby,A3215,126,450,GF1308,80%,6,25,14.7,2040,5.55,367.5,6934,10,13,32,15,13,8,416.990785946025,37899.2809001831,90.89
Flashobby,A3215,126,450,GF1308,90%,6,25,20.1,2504,4.98,502.5,7630,10,13,32,15,13,8,416.990785946025,37899.2809001831,90.89
Flashobby,A3215,126,450,GF1308,100%,6,25,26.5,3003,4.53,662.5,8342,10,13,32,15,13,8,416.990785946025,37899.2809001831,90.89
Flashobby,A3215,126,920,GF9045-3R,50%,6,24,9.5,1187,5.21,228,9352,9,12,32,15,9,4.5,199.85948912206,37899.2809001831,189.63
Flashobby,A3215,126,920,GF9045-3R,60%,6,24,15.3,1646,4.48,367.2,11046,9,12,32,15,9,4.5,199.85948912206,37899.2809001831,189.63
Flashobby,A3215,126,920,GF9045-3R,70%,6,24,22.9,2197,4,549.6,12604,9,12,32,15,9,4.5,199.85948912206,37899.2809001831,189.63
Flashobby,A3215,126,920,GF9045-3R,80%,6,24,32.9,2853,3.61,789.6,14157,9,12,32,15,9,4.5,199.85948912206,37899.2809001831,189.63
Flashobby,A3215,126,920,GF9045-3R,90%,6,24,44.6,3362,3.14,1070.4,15594,9,12,32,15,9,4.5,199.85948912206,37899.2809001831,189.63
Flashobby,A3215,126,920,GF9045-3R,100%,6,24,53.5,3780,2.94,1284,16362,9,12,32,15,9,4.5,199.85948912206,37899.2809001831,189.63
Flashobby,A3215,126,920,HQ9050,50%,6,24,11.5,1254,4.88,276,9062,9,12,32,15,9,5,199.85948912206,37899.2809001831,189.63
Flashobby,A3215,126,920,HQ9050,60%,6,24,18.6,1873,4.2,446.4,10624,9,12,32,15,9,5,199.85948912206,37899.2809001831,189.63
Flashobby,A3215,126,920,HQ9050,70%,6,24,27.8,2507,3.76,667.2,11992,9,12,32,15,9,5,199.85948912206,37899.2809001831,189.63
Flashobby,A3215,126,920,HQ9050,80%,6,24,39.3,3112,3.3,943.2,13343,9,12,32,15,9,5,199.85948912206,37899.2809001831,189.63
Flashobby,A3215,126,920,HQ9050,90%,6,24,54.4,3805,2.91,1305.6,14629,9,12,32,15,9,5,199.85948912206,37899.2809001831,189.63
Flashobby,A3215,126,920,HQ9050,100%,6,24,65.4,4336,2.76,1569.6,15576,9,12,32,15,9,5,199.85948912206,37899.2809001831,189.63
Flashobby,A3215,126,920,GF1050-3R,50%,6,24,12.1,1505,5.18,290.4,9011,9,12,32,15,10,5,246.740110027234,37899.2809001831,153.6
Flashobby,A3215,126,920,GF1050-3R,60%,6,24,19.6,2116,4.5,470.4,10624,9,12,32,15,10,5,246.740110027234,37899.2809001831,153.6
Flashobby,A3215,126,920,GF1050-3R,70%,6,24,29.3,2729,3.88,703.2,11992,9,12,32,15,10,5,246.740110027234,37899.2809001831,153.6
Flashobby,A3215,126,920,GF1050-3R,80%,6,24,41.7,3445,3.44,1000.8,13433,9,12,32,15,10,5,246.740110027234,37899.2809001831,153.6
Flashobby,A3215,126,920,GF1050-3R,90%,6,24,57.9,4238,3.05,1389.6,14629,9,12,32,15,10,5,246.740110027234,37899.2809001831,153.6
Flashobby,A3215,126,920,GF1050-3R,100%,6,24,69.6,4746,2.84,1670.4,15576,9,12,32,15,10,5,246.740110027234,37899.2809001831,153.6
Flashobby,A3215,126,920,HQ1050-3R,50%,6,25,12.3,1492,4.85,307.5,9389,9,12,32,15,10,5,246.740110027234,37899.2809001831,153.6
Flashobby,A3215,126,920,HQ1050-3R,60%,6,25,19.9,2043,4.11,497.5,10961,9,12,32,15,10,5,246.740110027234,37899.2809001831,153.6
Flashobby,A3215,126,920,HQ1050-3R,70%,6,25,29.9,2660,3.56,747.5,12467,9,12,32,15,10,5,246.740110027234,37899.2809001831,153.6
Flashobby,A3215,126,920,HQ1050-3R,80%,6,25,42.3,3356,3.17,1057.5,13787,9,12,32,15,10,5,246.740110027234,37899.2809001831,153.6
Flashobby,A3215,126,920,HQ1050-3R,90%,6,25,59.6,4186,2.81,1490,15160,9,12,32,15,10,5,246.740110027234,37899.2809001831,153.6
Flashobby,A3215,126,920,HQ1050-3R,100%,6,25,70.3,4708,2.68,1757.5,16024,9,12,32,15,10,5,246.740110027234,37899.2809001831,153.6
Flashobby,A4214,246,380,GF1308,10.00%,6,24,0.184,279,6.309,4.4,859,12,14,42,14,13,8,132.73,19396.19,146.13
Flashobby,A4214,246,380,GF1308,20.00%,6,23.99,0.623,1207,8.082,14.9,1788,12,14,42,14,13,8,132.73,19396.19,146.13
Flashobby,A4214,246,380,GF1308,30.00%,6,23.99,1.437,2061,8.6,34.5,2708,12,14,42,14,13,8,132.73,19396.19,146.13
Flashobby,A4214,246,380,GF1308,40.00%,6,23.98,2.588,5128,8.278,62,3536,12,14,42,14,13,8,132.73,19396.19,146.13
Flashobby,A4214,246,380,GF1308,50.00%,6,23.96,4.434,7981,7.525,106.2,4393,12,14,42,14,13,8,132.73,19396.19,146.13
Flashobby,A4214,246,380,GF1308,60.00%,6,23.94,7.498,1167,6.508,179.5,5286,12,14,42,14,13,8,132.73,19396.19,146.13
Flashobby,A4214,246,380,GF1308,70.00%,6,23.92,11.142,1562,5.864,266.5,6106,12,14,42,14,13,8,132.73,19396.19,146.13
Flashobby,A4214,246,380,GF1308,80.00%,6,23.89,15.405,1976,5.37,368,6835,12,14,42,14,13,8,132.73,19396.19,146.13
Flashobby,A4214,246,380,GF1308,90.00%,6,23.85,20.898,2448,4.911,498.5,7572,12,14,42,14,13,8,132.73,19396.19,146.13
Flashobby,A4214,246,380,GF1308,100.00%,6,23.81,26.668,2885,4.544,635.1,8213,12,14,42,14,13,8,132.73,19396.19,146.13
Flashobby,A4214,246,380,GF1310,10.00%,6,24.01,0.18,239,5.539,4.3,847,12,14,42,14,13,10,132.73,19396.19,146.13
Flashobby,A4214,246,380,GF1310,20.00%,6,24,0.708,1251,7.367,17,1781,12,14,42,14,13,10,132.73,19396.19,146.13
Flashobby,A4214,246,380,GF1310,30.00%,6,23.99,1.668,3160,7.716,40.5,2664,12,14,42,14,13,10,132.73,19396.19,146.13
Flashobby,A4214,246,380,GF1310,40.00%,6,23.98,3.104,5413,7.278,74.4,3458,12,14,42,14,13,10,132.73,19396.19,146.13
Flashobby,A4214,246,380,GF1310,50.00%,6,23.96,5.481,8513,6.49,131.3,4293,12,14,42,14,13,10,132.73,19396.19,146.13
Flashobby,A4214,246,380,GF1310,60.00%,6,23.94,9.362,1251,5.585,224.1,5159,12,14,42,14,13,10,132.73,19396.19,146.13
Flashobby,A4214,246,380,GF1310,70.00%,6,23.91,13.856,1649,4.979,331.3,5924,12,14,42,14,13,10,132.73,19396.19,146.13
Flashobby,A4214,246,380,GF1310,80.00%,6,23.87,19.353,2104,4.555,462,6644,12,14,42,14,13,10,132.73,19396.19,146.13
Flashobby,A4214,246,380,GF1310,90.00%,6,23.83,25.502,2559,4.211,607.8,7287,12,14,42,14,13,10,132.73,19396.19,146.13
Flashobby,A4214,246,380,GF1310,100.00%,6,23.79,32.034,2994,3.929,762.1,7869,12,14,42,14,13,10,132.73,19396.19,146.13
Flashobby,A4214,246,380,HQ1309,10.00%,6,24.01,0.183,250,5.719,4.4,845,12,14,42,14,13,9,132.73,19396.19,146.13
Flashobby,A4214,246,380,HQ1309,20.00%,6,24.01,0.724,1323,7.612,17.4,1753,12,14,42,14,13,9,132.73,19396.19,146.13
Flashobby,A4214,246,380,HQ1309,30.00%,6,24,1.771,3243,7.638,42.5,2622,12,14,42,14,13,9,132.73,19396.19,146.13
Flashobby,A4214,246,380,HQ1309,40.00%,6,23.99,3.327,5976,7.496,79.8,3409,12,14,42,14,13,9,132.73,19396.19,146.13
Flashobby,A4214,246,380,HQ1309,50.00%,6,23.96,5.905,9529,6.74,141.5,4228,12,14,42,14,13,9,132.73,19396.19,146.13
Flashobby,A4214,246,380,HQ1309,60.00%,6,23.94,10.194,1372,5.626,244,5082,12,14,42,14,13,9,132.73,19396.19,146.13
Flashobby,A4214,246,380,HQ1309,70.00%,6,23.91,15.05,1792,4.981,359.8,5814,12,14,42,14,13,9,132.73,19396.19,146.13
Flashobby,A4214,246,380,HQ1309,80.00%,6,23.87,21.076,2245,4.463,503,6510,12,14,42,14,13,9,132.73,19396.19,146.13
Flashobby,A4214,246,380,HQ1309,90.00%,6,23.82,27.726,2693,4.078,660.5,7129,12,14,42,14,13,9,132.73,19396.19,146.13
Flashobby,A4214,246,380,HQ1309,100.00%,6,23.78,34.723,3119,3.778,825.6,7670,12,14,42,14,13,9,132.73,19396.19,146.13
Flashobby,A4214,246,380,GF1308,10.00%,8,31.99,0.204,366,5.603,6.5,1086,12,14,42,14,13,8,132.73,19396.19,146.13
Flashobby,A4214,246,380,GF1308,20.00%,8,31.99,0.772,2002,8.114,24.7,2308,12,14,42,14,13,8,132.73,19396.19,146.13
Flashobby,A4214,246,380,GF1308,30.00%,8,31.98,1.913,4895,8.005,61.2,3486,12,14,42,14,13,8,132.73,19396.19,146.13
Flashobby,A4214,246,380,GF1308,40.00%,8,31.97,3.672,8460,7.21,117.4,4538,12,14,42,14,13,8,132.73,19396.19,146.13
Flashobby,A4214,246,380,GF1308,50.00%,8,31.95,6.539,1316,6.305,208.9,5611,12,14,42,14,13,8,132.73,19396.19,146.13
Flashobby,A4214,246,380,GF1308,60.00%,8,31.93,10.046,1878,5.376,349.5,6684,12,14,42,14,13,8,132.73,19396.19,146.13
Flashobby,A4214,246,380,GF1308,70.00%,8,31.9,16.399,2492,4.765,523.1,7667,12,14,42,14,13,8,132.73,19396.19,146.13
Flashobby,A4214,246,380,GF1308,80.00%,8,31.86,24.304,3231,4.174,774.2,8686,12,14,42,14,13,8,132.73,19396.19,146.13
Flashobby,A4214,246,380,GF1308,90.00%,8,31.81,31.756,3852,3.813,1010.2,9454,12,14,42,14,13,8,132.73,19396.19,146.13
Flashobby,A4214,246,380,GF1308,100.00%,8,31.76,39.94,4470,3.525,1268.4,10132,12,14,42,14,13,8,132.73,19396.19,146.13
Flashobby,A4214,246,380,GF1310,10.00%,8,32,0.226,461,6.37,7.2,1095,12,14,42,14,13,10,132.73,19396.19,146.13
Flashobby,A4214,246,380,GF1310,20.00%,8,31.99,0.899,2160,7.511,28.8,2280,12,14,42,14,13,10,132.73,19396.19,146.13
Flashobby,A4214,246,380,GF1310,30.00%,8,31.98,2.284,5258,7.205,73,3399,12,14,42,14,13,10,132.73,19396.19,146.13
Flashobby,A4214,246,380,GF1310,40.00%,8,31.97,4.465,9106,6.383,142.7,4410,12,14,42,14,13,10,132.73,19396.19,146.13
Flashobby,A4214,246,380,GF1310,50.00%,8,31.95,8.06,1403,5.453,257.5,5444,12,14,42,14,13,10,132.73,19396.19,146.13
Flashobby,A4214,246,380,GF1310,60.00%,8,31.91,13.588,2003,4.62,433.7,6473,12,14,42,14,13,10,132.73,19396.19,146.13
Flashobby,A4214,246,380,GF1310,70.00%,8,31.88,20.116,2628,4.1,641.2,7383,12,14,42,14,13,10,132.73,19396.19,146.13
Flashobby,A4214,246,380,GF1310,80.00%,8,31.84,27.708,3266,3.703,882.2,8211,12,14,42,14,13,10,132.73,19396.19,146.13
Flashobby,A4214,246,380,GF1310,90.00%,8,31.77,37.837,3959,3.293,1202.3,8981,12,14,42,14,13,10,132.73,19396.19,146.13
Flashobby,A4214,246,380,GF1310,100.00%,8,31.71,47.54,4536,3.009,1507.5,9582,12,14,42,14,13,10,132.73,19396.19,146.13
Flashobby,A4214,246,380,HQ1309,10.00%,8,31.97,0.233,518,6.52,7.4,1095,12,14,42,14,13,9,132.73,19396.19,146.13
Flashobby,A4214,246,380,HQ1309,20.00%,8,31.97,0.895,2397,7.817,30.7,2285,12,14,42,14,13,9,132.73,19396.19,146.13
Flashobby,A4214,246,380,HQ1309,30.00%,8,31.95,2.124,4842,7.137,67.8,3414,12,14,42,14,13,9,132.73,19396.19,146.13
Flashobby,A4214,246,380,HQ1309,40.00%,8,31.93,4.563,8421,6.705,144.8,4264,12,14,42,14,13,9,132.73,19396.19,146.13
Flashobby,A4214,246,380,HQ1309,50.00%,8,31.9,7.872,1214,4.71,257.5,5767,12,14,42,14,13,9,132.73,19396.19,146.13
Flashobby,A4214,246,380,HQ1309,60.00%,8,31.87,12.702,1845,4.603,400.7,6545,12,14,42,14,13,9,132.73,19396.19,146.13
Flashobby,A4214,246,380,HQ1309,70.00%,8,31.84,18.65,2459,4.014,612.5,7234,12,14,42,14,13,9,132.73,19396.19,146.13
Flashobby,A4214,246,380,HQ1309,80.00%,8,31.8,25.891,3075,3.693,832.7,7785,12,14,42,14,13,9,132.73,19396.19,146.13
Flashobby,A4214,246,380,HQ1309,90.00%,8,31.75,33.426,3735,3.552,1051.4,8239,12,14,42,14,13,9,132.73,19396.19,146.13
Flashobby,A4214,246,380,HQ1309,100.00%,8,31.67,45.005,4582,2.834,1616.9,9299,12,14,42,14,13,9,132.73,19396.19,146.13
DarwinFPV,1104,5.9,4300,GEMFAN 3016-3,30%,3,12,0.52,29,4.65,6.24,11800,3,4,11,4,3,1.8,7.06858347057703,380.132711084365,53.7777777777778
DarwinFPV,1104,5.9,4300,GEMFAN 3016-3,40%,3,12,0.9,46,4.26,10.8,14700,3,4,11,4,3,1.8,7.06858347057703,380.132711084365,53.7777777777778
DarwinFPV,1104,5.9,4300,GEMFAN 3016-3,50%,3,12,1.32,64,4.04,15.84,17000,3,4,11,4,3,1.8,7.06858347057703,380.132711084365,53.7777777777778
DarwinFPV,1104,5.9,4300,GEMFAN 3016-3,60%,3,12,1.92,81,3.52,23.04,19000,3,4,11,4,3,1.8,7.06858347057703,380.132711084365,53.7777777777778
DarwinFPV,1104,5.9,4300,GEMFAN 3016-3,70%,3,12,2.6,100,3.21,31.2,21000,3,4,11,4,3,1.8,7.06858347057703,380.132711084365,53.7777777777778
DarwinFPV,1104,5.9,4300,GEMFAN 3016-3,80%,3,12,3.45,126,3.04,41.4,22400,3,4,11,4,3,1.8,7.06858347057703,380.132711084365,53.7777777777778
DarwinFPV,1104,5.9,4300,GEMFAN 3016-3,90%,3,12,4.3,143,2.77,51.6,24000,3,4,11,4,3,1.8,7.06858347057703,380.132711084365,53.7777777777778
DarwinFPV,1104,5.9,4300,GEMFAN 3016-3,100%,3,12,5.17,154,2.48,62.04,25500,3,4,11,4,3,1.8,7.06858347057703,380.132711084365,53.7777777777778
DarwinFPV,1104,5.9,4300,GEMFAN 3018-2,30%,3,12,0.4,26.7,5.56,4.8,12400,3,4,11,4,3,1.8,7.06858347057703,380.132711084365,53.7777777777778
DarwinFPV,1104,5.9,4300,GEMFAN 3018-2,40%,3,12,0.8,41.6,4.33,9.6,15400,3,4,11,4,3,1.8,7.06858347057703,380.132711084365,53.7777777777778
DarwinFPV,1104,5.9,4300,GEMFAN 3018-2,50%,3,12,1.2,59,4.1,14.4,18000,3,4,11,4,3,1.8,7.06858347057703,380.132711084365,53.7777777777778
DarwinFPV,1104,5.9,4300,GEMFAN 3018-2,60%,3,12,1.7,77,3.77,20.4,20500,3,4,11,4,3,1.8,7.06858347057703,380.132711084365,53.7777777777778
DarwinFPV,1104,5.9,4300,GEMFAN 3018-2,70%,3,12,2.4,98,3.4,28.8,23100,3,4,11,4,3,1.8,7.06858347057703,380.132711084365,53.7777777777778
DarwinFPV,1104,5.9,4300,GEMFAN 3018-2,80%,3,12,3.2,129,3.36,38.4,25600,3,4,11,4,3,1.8,7.06858347057703,380.132711084365,53.7777777777778
DarwinFPV,1104,5.9,4300,GEMFAN 3018-2,90%,3,12,4.1,146,2.97,49.2,27200,3,4,11,4,3,1.8,7.06858347057703,380.132711084365,53.7777777777778
DarwinFPV,1104,5.9,4300,GEMFAN 3018-2,100%,3,12,5.2,168,2.69,62.4,29700,3,4,11,4,3,1.8,7.06858347057703,380.132711084365,53.7777777777778
DarwinFPV,1504-3,9.2,3800,GF4019,10%,3,12,0.05,14,23.33,0.6,4400,3,4,15,4,4,1.9,12.5663706143592,706.858347057703,56.25
DarwinFPV,1504-3,9.2,3800,GF4019,20%,3,12,0.2,34,14.17,2.4,8000,3,4,15,4,4,1.9,12.5663706143592,706.858347057703,56.25
DarwinFPV,1504-3,9.2,3800,GF4019,30%,3,12,0.6,64,8.89,7.2,11400,3,4,15,4,4,1.9,12.5663706143592,706.858347057703,56.25
DarwinFPV,1504-3,9.2,3800,GF4019,40%,3,12,1.1,95,7.2,13.2,14400,3,4,15,4,4,1.9,12.5663706143592,706.858347057703,56.25
DarwinFPV,1504-3,9.2,3800,GF4019,50%,3,12,1.7,135,6.62,20.4,17000,3,4,15,4,4,1.9,12.5663706143592,706.858347057703,56.25
DarwinFPV,1504-3,9.2,3800,GF4019,60%,3,12,2.7,180,5.56,32.4,19100,3,4,15,4,4,1.9,12.5663706143592,706.858347057703,56.25
DarwinFPV,1504-3,9.2,3800,GF4019,70%,3,12,3.9,231,4.94,46.8,22000,3,4,15,4,4,1.9,12.5663706143592,706.858347057703,56.25
DarwinFPV,1504-3,9.2,3800,GF4019,80%,3,12,5.2,273,4.38,62.4,24600,3,4,15,4,4,1.9,12.5663706143592,706.858347057703,56.25
DarwinFPV,1504-3,9.2,3800,GF4019,90%,3,12,6.8,325,3.98,81.6,26400,3,4,15,4,4,1.9,12.5663706143592,706.858347057703,56.25
DarwinFPV,1504-3,9.2,3800,GF4019,100%,3,12,8.1,369,3.8,97.2,28500,3,4,15,4,4,1.9,12.5663706143592,706.858347057703,56.25
DarwinFPV,1504,9.5,3600,GF3520,10%,3,16,0.1,8,5,1.6,6000,3,4,15,4,3.5,2,9.62112750161874,706.858347057703,73.4693877551021
DarwinFPV,1504,9.5,3600,GF3520,20%,4,16,0.4,30,4.69,6.4,10500,3,4,15,4,3.5,2,9.62112750161874,706.858347057703,73.4693877551021
DarwinFPV,1504,9.5,3600,GF3520,30%,4,16,0.9,61,4.24,14.4,14400,3,4,15,4,3.5,2,9.62112750161874,706.858347057703,73.4693877551021
DarwinFPV,1504,9.5,3600,GF3520,40%,4,16,1.5,95,3.96,24,17500,3,4,15,4,3.5,2,9.62112750161874,706.858347057703,73.4693877551021
DarwinFPV,1504,9.5,3600,GF3520,50%,4,16,2.4,137,3.57,38.4,20000,3,4,15,4,3.5,2,9.62112750161874,706.858347057703,73.4693877551021
DarwinFPV,1504,9.5,3600,GF3520,60%,4,16,3.8,188,3.09,60.8,23700,3,4,15,4,3.5,2,9.62112750161874,706.858347057703,73.4693877551021
DarwinFPV,1504,9.5,3600,GF3520,70%,4,16,5.3,234,2.76,84.8,26000,3,4,15,4,3.5,2,9.62112750161874,706.858347057703,73.4693877551021
DarwinFPV,1504,9.5,3600,GF3520,80%,4,16,7.1,298,2.62,113.6,28500,3,4,15,4,3.5,2,9.62112750161874,706.858347057703,73.4693877551021
DarwinFPV,1504,9.5,3600,GF3520,90%,4,16,8.9,323,2.27,142.4,29700,3,4,15,4,3.5,2,9.62112750161874,706.858347057703,73.4693877551021
DarwinFPV,1504,9.5,3600,GF3520,100%,4,16,12.1,418,2.16,193.6,32000,3,4,15,4,3.5,2,9.62112750161874,706.858347057703,73.4693877551021
DarwinFPV,2006,20,2030,GFD90S,30%,6,24,1.1,107,4.05,26.4,13700,3,5,20,6,3.5,2,9.62112750161874,1884.95559215388,195.918367346939
DarwinFPV,2006,20,2030,GFD90S,40%,6,24,2,187,3.9,48,17000,3,5,20,6,3.5,2,9.62112750161874,1884.95559215388,195.918367346939
DarwinFPV,2006,20,2030,GFD90S,50%,6,24,3.4,277,3.39,81.6,20500,3,5,20,6,3.5,2,9.62112750161874,1884.95559215388,195.918367346939
DarwinFPV,2006,20,2030,GFD90S,60%,6,24,5.5,382,2.89,132,24700,3,5,20,6,3.5,2,9.62112750161874,1884.95559215388,195.918367346939
DarwinFPV,2006,20,2030,GFD90S,70%,6,24,7.7,491,2.66,184.8,27700,3,5,20,6,3.5,2,9.62112750161874,1884.95559215388,195.918367346939
DarwinFPV,2006,20,2030,GFD90S,80%,6,24,10.3,606,2.45,247.2,31000,3,5,20,6,3.5,2,9.62112750161874,1884.95559215388,195.918367346939
DarwinFPV,2006,20,2030,GFD90S,90%,6,24,13.1,730,2.32,314.4,34000,3,5,20,6,3.5,2,9.62112750161874,1884.95559215388,195.918367346939
DarwinFPV,2006,20,2030,GFD90S,100%,6,24,16.7,863,2.15,400.8,37600,3,5,20,6,3.5,2,9.62112750161874,1884.95559215388,195.918367346939
Brotherhobby,F2008,27.08,1400,F8330X2,30.00%,3,12.6,1,96,7.62,12.6,4852,8,9,20,8,8.3,3.3,54.1060794764502,2513.27412287183,46.4508636957468
Brotherhobby,F2008,27.08,1400,F8330X2,40.00%,3,12.6,1.9,152,6.35,23.94,6145,8,9,20,8,8.3,3.3,54.1060794764502,2513.27412287183,46.4508636957468
Brotherhobby,F2008,27.08,1400,F8330X2,50.00%,3,12.6,3.1,220,5.63,39.06,7379,8,9,20,8,8.3,3.3,54.1060794764502,2513.27412287183,46.4508636957468
Brotherhobby,F2008,27.08,1400,F8330X2,60.00%,3,12.6,5.2,328,5.01,65.52,8840,8,9,20,8,8.3,3.3,54.1060794764502,2513.27412287183,46.4508636957468
Brotherhobby,F2008,27.08,1400,F8330X2,70.00%,3,12.6,6.5,372,4.54,81.9,9521,8,9,20,8,8.3,3.3,54.1060794764502,2513.27412287183,46.4508636957468
Brotherhobby,F2008,27.08,1400,F8330X2,80.00%,3,12.6,9.5,465,3.88,119.7,10705,8,9,20,8,8.3,3.3,54.1060794764502,2513.27412287183,46.4508636957468
Brotherhobby,F2008,27.08,1400,F8330X2,90.00%,3,12.6,11.9,545,3.66,148.75,11387,8,9,20,8,8.3,3.3,54.1060794764502,2513.27412287183,46.4508636957468
Brotherhobby,F2008,27.08,1400,F8330X2,100.00%,3,12.6,12.9,582,3.61,161.25,11695,8,9,20,8,8.3,3.3,54.1060794764502,2513.27412287183,46.4508636957468
Brotherhobby,F2008,27.75,1000,F9453X2,30.00%,3,12.6,0.7,80,9.07,8.82,3221,8,9,20,8,9.4,5.3,69.3977817177985,2513.27412287183,36.2154821186057
Brotherhobby,F2008,27.75,1000,F9453X2,40.00%,3,12.6,1.3,137,8.36,16.38,4102,8,9,20,8,9.4,5.3,69.3977817177985,2513.27412287183,36.2154821186057
Brotherhobby,F2008,27.75,1000,F9453X2,50.00%,3,12.6,2.2,192,6.93,27.72,4917,8,9,20,8,9.4,5.3,69.3977817177985,2513.27412287183,36.2154821186057
Brotherhobby,F2008,27.75,1000,F9453X2,60.00%,3,12.6,3.2,248,6.15,40.32,5519,8,9,20,8,9.4,5.3,69.3977817177985,2513.27412287183,36.2154821186057
Brotherhobby,F2008,27.75,1000,F9453X2,70.00%,3,12.6,4.8,324,5.36,60.48,6261,8,9,20,8,9.4,5.3,69.3977817177985,2513.27412287183,36.2154821186057
Brotherhobby,F2008,27.75,1000,F9453X2,80.00%,3,12.6,6.8,399,4.66,85.68,6960,8,9,20,8,9.4,5.3,69.3977817177985,2513.27412287183,36.2154821186057
Brotherhobby,F2008,27.75,1000,F9453X2,90.00%,3,12.6,8.1,449,4.4,102.06,7324,8,9,20,8,9.4,5.3,69.3977817177985,2513.27412287183,36.2154821186057
Brotherhobby,F2008,27.75,1000,F9453X2,100.00%,3,12.6,8.9,478,4.26,112.14,7483,8,9,20,8,9.4,5.3,69.3977817177985,2513.27412287183,36.2154821186057
Brotherhobby,F2008,27.08,1000,F9453X2,30.00%,4,16.8,1.1,159,8.6,18.48,4072,8,9,20,8,9.4,5.3,69.3977817177985,2513.27412287183,36.2154821186057
Brotherhobby,F2008,27.08,1000,F9453X2,40.00%,4,16.8,2.1,246,6.97,35.28,5107,8,9,20,8,9.4,5.3,69.3977817177985,2513.27412287183,36.2154821186057
Brotherhobby,F2008,27.08,1000,F9453X2,50.00%,4,16.8,3.7,363,5.84,62.16,6261,8,9,20,8,9.4,5.3,69.3977817177985,2513.27412287183,36.2154821186057
Brotherhobby,F2008,27.08,1000,F9453X2,60.00%,4,16.8,5.4,461,5.08,90.72,7046,8,9,20,8,9.4,5.3,69.3977817177985,2513.27412287183,36.2154821186057
Brotherhobby,F2008,27.08,1000,F9453X2,70.00%,4,16.8,7.7,574,4.44,129.36,7830,8,9,20,8,9.4,5.3,69.3977817177985,2513.27412287183,36.2154821186057
Brotherhobby,F2008,27.08,1000,F9453X2,80.00%,4,16.8,10,677,4.03,168,8380,8,9,20,8,9.4,5.3,69.3977817177985,2513.27412287183,36.2154821186057
Brotherhobby,F2008,27.08,1000,F9453X2,90.00%,4,16.8,12.9,770,3.55,216.72,9058,8,9,20,8,9.4,5.3,69.3977817177985,2513.27412287183,36.2154821186057
Brotherhobby,F2008,27.08,1000,F9453X2,100.00%,4,16.8,13.4,899,3.99,225.12,9598,8,9,20,8,9.4,5.3,69.3977817177985,2513.27412287183,36.2154821186057
Brotherhobby,F2004,19.27,1900,F6030X2,30.00%,3,12.6,0.7,61,6.92,8.82,6225,5,7,20,4,6,3,28.2743338823081,1256.63706143592,44.4444444444444
Brotherhobby,F2004,19.27,1900,F6030X2,40.00%,3,12.5,1.5,111,5.92,18.75,8281,5,7,20,4,6,3,28.2743338823081,1256.63706143592,44.4444444444444
Brotherhobby,F2004,19.27,1900,F6030X2,50.00%,3,12.5,2.5,160,5.12,31.25,9759,5,7,20,4,6,3,28.2743338823081,1256.63706143592,44.4444444444444
Brotherhobby,F2004,19.27,1900,F6030X2,60.00%,3,12.5,3.9,221,4.53,48.75,11196,5,7,20,4,6,3,28.2743338823081,1256.63706143592,44.4444444444444
Brotherhobby,F2004,19.27,1900,F6030X2,70.00%,3,12.5,5,260,4.16,62.5,12082,5,7,20,4,6,3,28.2743338823081,1256.63706143592,44.4444444444444
Brotherhobby,F2004,19.27,1900,F6030X2,80.00%,3,12.4,7.6,336,3.57,94.24,13421,5,7,20,4,6,3,28.2743338823081,1256.63706143592,44.4444444444444
Brotherhobby,F2004,19.27,1900,F6030X2,90.00%,3,12.4,9.3,379,3.29,115.32,14242,5,7,20,4,6,3,28.2743338823081,1256.63706143592,44.4444444444444
Brotherhobby,F2004,19.27,1900,F6030X2,100.00%,3,12.4,10.8,411,3.07,133.92,14633,5,7,20,4,6,3,28.2743338823081,1256.63706143592,44.4444444444444
Brotherhobby,F1503,8.52,3850,F4726X2,30.00%,2,8.4,0.3,33,13.1,2.52,6672,4,5,15,3,4.7,2.6,17.3494454294496,530.143760293278,30.5568130375736
Brotherhobby,F1503,8.52,3850,F4726X2,40.00%,2,8.4,1.2,66,6.55,10.08,10345,4,5,15,3,4.7,2.6,17.3494454294496,530.143760293278,30.5568130375736
Brotherhobby,F1503,8.52,3850,F4726X2,50.00%,2,8.4,1.7,84,5.88,14.28,11683,4,5,15,3,4.7,2.6,17.3494454294496,530.143760293278,30.5568130375736
Brotherhobby,F1503,8.52,3850,F4726X2,60.00%,2,8.4,2.4,107,5.31,20.16,13320,4,5,15,3,4.7,2.6,17.3494454294496,530.143760293278,30.5568130375736
Brotherhobby,F1503,8.52,3850,F4726X2,70.00%,2,8.4,4.1,152,4.41,34.44,15927,4,5,15,3,4.7,2.6,17.3494454294496,530.143760293278,30.5568130375736
Brotherhobby,F1503,8.52,3850,F4726X2,80.00%,2,8.4,4.9,172,4.18,41.16,16784,4,5,15,3,4.7,2.6,17.3494454294496,530.143760293278,30.5568130375736
Brotherhobby,F1503,8.52,3850,F4726X2,90.00%,2,8.4,6,209,4.14,50.4,18588,4,5,15,3,4.7,2.6,17.3494454294496,530.143760293278,30.5568130375736
Brotherhobby,F1503,8.52,3850,F4726X2,100.00%,2,8.4,6.95,226,3.87,58.4,18880,4,5,15,3,4.7,2.6,17.3494454294496,530.143760293278,30.5568130375736
Brotherhobby,F2206,29.5,1370,F6030X2,30.00%,4,16.8,0.9,79,5.22,15.12,6820,5,7,22,6,6,3,28.2743338823081,2280.79626650619,80.6666666666667
Brotherhobby,F2206,29.5,1370,F6030X2,40.00%,4,16.8,1.7,134,4.69,28.56,8906,5,7,22,6,6,3,28.2743338823081,2280.79626650619,80.6666666666667
Brotherhobby,F2206,29.5,1370,F6030X2,50.00%,4,16.8,2.8,197,4.19,47.04,10749,5,7,22,6,6,3,28.2743338823081,2280.79626650619,80.6666666666667
Brotherhobby,F2206,29.5,1370,F6030X2,60.00%,4,16.8,4.1,267,3.88,68.88,12348,5,7,22,6,6,3,28.2743338823081,2280.79626650619,80.6666666666667
Brotherhobby,F2206,29.5,1370,F6030X2,70.00%,4,16.8,5.6,347,3.69,94.08,13680,5,7,22,6,6,3,28.2743338823081,2280.79626650619,80.6666666666667
Brotherhobby,F2206,29.5,1370,F6030X2,80.00%,4,16.8,8.5,461,3.23,142.8,15571,5,7,22,6,6,3,28.2743338823081,2280.79626650619,80.6666666666667
Brotherhobby,F2206,29.5,1370,F6030X2,90.00%,4,16.7,11.8,568,2.88,197.06,16967,5,7,22,6,6,3,28.2743338823081,2280.79626650619,80.6666666666667
Brotherhobby,F2206,29.5,1370,F6030X2,100.00%,4,16.7,12.89,607,2.82,215.26,17406,5,7,22,6,6,3,28.2743338823081,2280.79626650619,80.6666666666667
Brotherhobby,F2216,60.5,880,F9453X2,30.00%,4,16.8,1,171,10.18,16.8,3974,8,9,22,16,9.4,5.3,69.3977817177985,6082.12337734984,87.6414667270258
Brotherhobby,F2216,60.5,880,F9453X2,40.00%,4,16.8,2,314,9.35,33.6,5235,8,9,22,16,9.4,5.3,69.3977817177985,6082.12337734984,87.6414667270258
Brotherhobby,F2216,60.5,880,F9453X2,50.00%,4,16.8,3.3,501,9.04,55.44,6359,8,9,22,16,9.4,5.3,69.3977817177985,6082.12337734984,87.6414667270258
Brotherhobby,F2216,60.5,880,F9453X2,60.00%,4,16.8,5.5,677,7.33,92.4,7650,8,9,22,16,9.4,5.3,69.3977817177985,6082.12337734984,87.6414667270258
Brotherhobby,F2216,60.5,880,F9453X2,70.00%,4,16.7,8.1,856,6.33,135.27,8800,8,9,22,16,9.4,5.3,69.3977817177985,6082.12337734984,87.6414667270258
Brotherhobby,F2216,60.5,880,F9453X2,80.00%,4,16.7,11,1028,5.6,183.7,9708,8,9,22,16,9.4,5.3,69.3977817177985,6082.12337734984,87.6414667270258
Brotherhobby,F2216,60.5,880,F9453X2,90.00%,4,16.7,14.1,1180,5.01,235.47,10514,8,9,22,16,9.4,5.3,69.3977817177985,6082.12337734984,87.6414667270258
Brotherhobby,F2216,60.5,880,F9453X2,100.00%,4,16.7,15.8,1301,4.93,263.86,10919,8,9,22,16,9.4,5.3,69.3977817177985,6082.12337734984,87.6414667270258
